identity/LineItemId,identity/TimeInterval,lineItem/UsageStartDate,lineItem/UsageEndDate,lineItem/ProductCode,lineItem/UsageType,lineItem/Operation,lineItem/UsageAmount,lineItem/UnblendedCost,lineItem/BlendedCost,lineItem/LineItemType,product/region,resourceTags/user:Service,resourceTags/user:Team,resourceTags/user:Env
40ec1dec-f049-c04d-bbc3-f5367df53c89,2026-02-17T00:00:00Z/2026-02-18T00:00:00Z,2026-02-17T00:00:00Z,2026-02-18T00:00:00Z,AmazonEC2,BoxUsage:m5.xlarge,RunInstances,2.3613,1.895906,1.847804,Usage,us-east-1,,,prod
5891dd77-2dde-07c9-2e57-3e0ce95a38b1,2026-02-17T00:00:00Z/2026-02-18T00:00:00Z,2026-02-17T00:00:00Z,2026-02-18T00:00:00Z,AmazonEC2,BoxUsage:m5.xlarge,RunInstances,22.0985,1.851114,1.870336,Usage,us-east-1,,,prod
780ff256-ac9f-85f2-714f-8cae3d57f8e4,2026-02-17T00:00:00Z/2026-02-18T00:00:00Z,2026-02-17T00:00:00Z,2026-02-18T00:00:00Z,AmazonEC2,BoxUsage:m5.xlarge,RunInstances,1.7388,1.782565,1.802564,Usage,us-east-1,,,prod
7ab6b9eb-1d15-4b99-2aef-2c93a224be31,2026-02-17T00:00:00Z/2026-02-18T00:00:00Z,2026-02-17T00:00:00Z,2026-02-18T00:00:00Z,AmazonEC2,BoxUsage:m5.xlarge,RunInstances,23.3141,2.143518,2.173059,Usage,us-east-1,,,prod
029b8c40-5e1a-a179-da01-be42b9ecad6b,2026-02-17T00:00:00Z/2026-02-18T00:00:00Z,2026-02-17T00:00:00Z,2026-02-18T00:00:00Z,AmazonEC2,BoxUsage:m5.xlarge,RunInstances,2.6341,2.232206,2.199595,Usage,us-east-1,,,prod
dda8c26c-d68d-3738-b67c-c1cea79750b3,2026-02-17T00:00:00Z/2026-02-18T00:00:00Z,2026-02-17T00:00:00Z,2026-02-18T00:00:00Z,AmazonEC2,NatGateway-Hours,RunInstances,6.9764,2.048823,2.010137,Usage,us-east-1,,,prod
e008e37f-fa2a-27e7-b399-60cd0fb87e98,2026-02-17T00:00:00Z/2026-02-18T00:00:00Z,2026-02-17T00:00:00Z,2026-02-18T00:00:00Z,AmazonEC2,BoxUsage:m5.xlarge,RunInstances,17.6751,58.816462,56.895831,Usage,us-east-1,,,prod
b3c165a1-4b9b-85cf-4c3e-e26c096018be,2026-02-17T00:00:00Z/2026-02-18T00:00:00Z,2026-02-17T00:00:00Z,2026-02-18T00:00:00Z,AmazonEC2,BoxUsage:m5.xlarge,RunInstances,6.5902,45.037355,43.821784,Usage,us-east-1,,,prod
5d266056-f097-ace6-5177-d591934ca47d,2026-02-17T00:00:00Z/2026-02-18T00:00:00Z,2026-02-17T00:00:00Z,2026-02-18T00:00:00Z,AmazonEC2,Other,RunInstances,12.1672,57.006797,55.089154,Usage,us-east-1,,,prod
9b7a690f-49e3-a900-00d0-5002b6963878,2026-02-18T00:00:00Z/2026-02-19T00:00:00Z,2026-02-18T00:00:00Z,2026-02-19T00:00:00Z,AmazonEC2,BoxUsage:m5.xlarge,RunInstances,4.4077,2.089811,2.014922,Usage,us-east-1,,,prod
12c4a3ef-4984-c2ad-925c-137b5329cceb,2026-02-18T00:00:00Z/2026-02-19T00:00:00Z,2026-02-18T00:00:00Z,2026-02-19T00:00:00Z,AmazonEC2,BoxUsage:m5.xlarge,RunInstances,15.1642,1.836187,1.768427,Usage,us-east-1,,,prod
b5c1ec91-00a3-52e5-a433-036ee580f209,2026-02-18T00:00:00Z/2026-02-19T00:00:00Z,2026-02-18T00:00:00Z,2026-02-19T00:00:00Z,AmazonEC2,BoxUsage:m5.xlarge,RunInstances,18.6366,1.837334,1.881491,Usage,us-east-1,,,prod
4c2ea974-8755-841d-8048-754fb63ce941,2026-02-18T00:00:00Z/2026-02-19T00:00:00Z,2026-02-18T00:00:00Z,2026-02-19T00:00:00Z,AmazonEC2,BoxUsage:m5.xlarge,RunInstances,22.9813,1.973871,2.062702,Usage,us-east-1,,,prod
2d1f165d-01a9-d75e-4abc-8ff93df68c08,2026-02-18T00:00:00Z/2026-02-19T00:00:00Z,2026-02-18T00:00:00Z,2026-02-19T00:00:00Z,AmazonEC2,BoxUsage:m5.xlarge,RunInstances,23.6838,2.009617,2.091771,Usage,us-east-1,,,prod
b4e7463a-ecee-d3bf-a7f1-a687fcd94142,2026-02-18T00:00:00Z/2026-02-19T00:00:00Z,2026-02-18T00:00:00Z,2026-02-19T00:00:00Z,AmazonEC2,NatGateway-Hours,RunInstances,13.4347,1.937628,1.930208,Usage,us-east-1,,,prod
bd64c36b-9795-9302-f798-950501e00cfd,2026-02-18T00:00:00Z/2026-02-19T00:00:00Z,2026-02-18T00:00:00Z,2026-02-19T00:00:00Z,AmazonEC2,BoxUsage:m5.xlarge,RunInstances,16.7882,59.23458,56.670811,Usage,us-east-1,,,prod
9700391b-efa6-0a75-019a-b3ea05f02eb5,2026-02-18T00:00:00Z/2026-02-19T00:00:00Z,2026-02-18T00:00:00Z,2026-02-19T00:00:00Z,AmazonEC2,BoxUsage:m5.xlarge,RunInstances,1.9559,57.587645,59.935271,Usage,us-east-1,,,prod
8bae98fa-6f60-5a04-4694-20967b33cc19,2026-02-18T00:00:00Z/2026-02-19T00:00:00Z,2026-02-18T00:00:00Z,2026-02-19T00:00:00Z,AmazonEC2,Other,RunInstances,2.4275,53.42791,53.089688,Usage,us-east-1,,,prod
06a2ba83-34cf-e678-a30b-f335a1f4f5d2,2026-02-19T00:00:00Z/2026-02-20T00:00:00Z,2026-02-19T00:00:00Z,2026-02-20T00:00:00Z,AmazonEC2,BoxUsage:m5.xlarge,RunInstances,21.1426,1.727967,1.693517,Usage,us-east-1,,,prod
a2579330-5d82-f722-f121-5d2429557e5f,2026-02-19T00:00:00Z/2026-02-20T00:00:00Z,2026-02-19T00:00:00Z,2026-02-20T00:00:00Z,AmazonEC2,BoxUsage:m5.xlarge,RunInstances,22.8566,2.053677,2.078377,Usage,us-east-1,,,prod
7fd14335-be73-bd85-de48-52cad4e240d7,2026-02-19T00:00:00Z/2026-02-20T00:00:00Z,2026-02-19T00:00:00Z,2026-02-20T00:00:00Z,AmazonEC2,BoxUsage:m5.xlarge,RunInstances,17.4278,2.07547,2.089032,Usage,us-east-1,,,prod
bac1048e-7864-5c80-fc78-b524e835fab3,2026-02-19T00:00:00Z/2026-02-20T00:00:00Z,2026-02-19T00:00:00Z,2026-02-20T00:00:00Z,AmazonEC2,BoxUsage:m5.xlarge,RunInstances,10.8791,2.075897,2.146554,Usage,us-east-1,,,prod
5e4515f9-97ac-0298-893b-0408e50d8e06,2026-02-19T00:00:00Z/2026-02-20T00:00:00Z,2026-02-19T00:00:00Z,2026-02-20T00:00:00Z,AmazonEC2,BoxUsage:m5.xlarge,RunInstances,5.3372,1.948585,2.026437,Usage,us-east-1,,,prod
fe1c6fd2-a2e5-e602-52df-926ae763ed34,2026-02-19T00:00:00Z/2026-02-20T00:00:00Z,2026-02-19T00:00:00Z,2026-02-20T00:00:00Z,AmazonEC2,NatGateway-Hours,RunInstances,12.832,2.010079,2.035542,Usage,us-east-1,,,prod
56bc68dc-e8a5-0367-b7fb-0b273a9dca79,2026-02-19T00:00:00Z/2026-02-20T00:00:00Z,2026-02-19T00:00:00Z,2026-02-20T00:00:00Z,AmazonEC2,BoxUsage:m5.xlarge,RunInstances,13.1365,50.551413,51.306443,Usage,us-east-1,,,prod
a0044693-cb1e-d402-a282-1a26e6ee532b,2026-02-19T00:00:00Z/2026-02-20T00:00:00Z,2026-02-19T00:00:00Z,2026-02-20T00:00:00Z,AmazonEC2,BoxUsage:m5.xlarge,RunInstances,3.7456,54.254628,55.538662,Usage,us-east-1,,,prod
bf67d615-5e51-83ce-9127-4b5637de2143,2026-02-19T00:00:00Z/2026-02-20T00:00:00Z,2026-02-19T00:00:00Z,2026-02-20T00:00:00Z,AmazonEC2,Other,RunInstances,8.1156,54.853536,57.010136,Usage,us-east-1,,,prod
1a9038f1-f06a-dcc4-4a86-530c4e9e8777,2026-02-20T00:00:00Z/2026-02-21T00:00:00Z,2026-02-20T00:00:00Z,2026-02-21T00:00:00Z,AmazonEC2,BoxUsage:m5.xlarge,RunInstances,13.494,2.060382,2.126496,Usage,us-east-1,,,prod
78fae906-d9ce-8b69-a458-e6505889ec44,2026-02-20T00:00:00Z/2026-02-21T00:00:00Z,2026-02-20T00:00:00Z,2026-02-21T00:00:00Z,AmazonEC2,BoxUsage:m5.xlarge,RunInstances,21.1129,1.980537,2.033729,Usage,us-east-1,,,prod
9c004619-1ba0-077d-5c56-139b01737b7b,2026-02-20T00:00:00Z/2026-02-21T00:00:00Z,2026-02-20T00:00:00Z,2026-02-21T00:00:00Z,AmazonEC2,BoxUsage:m5.xlarge,RunInstances,17.9028,2.129937,2.097289,Usage,us-east-1,,,prod
09762241-5efa-8a4d-890b-debb9afccec6,2026-02-20T00:00:00Z/2026-02-21T00:00:00Z,2026-02-20T00:00:00Z,2026-02-21T00:00:00Z,AmazonEC2,BoxUsage:m5.xlarge,RunInstances,12.0225,2.250143,2.212621,Usage,us-east-1,,,prod
ff8b8745-c97b-e5b9-92c6-302669889d80,2026-02-20T00:00:00Z/2026-02-21T00:00:00Z,2026-02-20T00:00:00Z,2026-02-21T00:00:00Z,AmazonEC2,BoxUsage:m5.xlarge,RunInstances,18.5624,2.213141,2.206346,Usage,us-east-1,,,prod
28fe50b8-ee81-52a5-1f01-013774c94aa9,2026-02-20T00:00:00Z/2026-02-21T00:00:00Z,2026-02-20T00:00:00Z,2026-02-21T00:00:00Z,AmazonEC2,NatGateway-Hours,RunInstances,20.4129,2.153343,2.116893,Usage,us-east-1,,,prod
5784698c-b2c1-f158-7b39-87b473ef1b15,2026-02-20T00:00:00Z/2026-02-21T00:00:00Z,2026-02-20T00:00:00Z,2026-02-21T00:00:00Z,AmazonEC2,BoxUsage:m5.xlarge,RunInstances,15.1668,49.125108,49.340587,Usage,us-east-1,,,prod
343bb7a7-437a-e31e-dcf5-ca5ba0d19061,2026-02-20T00:00:00Z/2026-02-21T00:00:00Z,2026-02-20T00:00:00Z,2026-02-21T00:00:00Z,AmazonEC2,BoxUsage:m5.xlarge,RunInstances,2.1694,52.284875,50.16805,Usage,us-east-1,,,prod
787ced54-b741-7844-c8df-58591e4581cf,2026-02-20T00:00:00Z/2026-02-21T00:00:00Z,2026-02-20T00:00:00Z,2026-02-21T00:00:00Z,AmazonEC2,Other,RunInstances,13.6839,49.465164,49.086503,Usage,us-east-1,,,prod
31bf6629-9fe6-9ea0-5bb9-4c9535a68485,2026-02-21T00:00:00Z/2026-02-22T00:00:00Z,2026-02-21T00:00:00Z,2026-02-22T00:00:00Z,AmazonEC2,BoxUsage:m5.xlarge,RunInstances,21.6649,1.838093,1.908384,Usage,us-east-1,,,prod
e5562eab-06a1-8c85-6877-9cf900ddf744,2026-02-21T00:00:00Z/2026-02-22T00:00:00Z,2026-02-21T00:00:00Z,2026-02-22T00:00:00Z,AmazonEC2,BoxUsage:m5.xlarge,RunInstances,5.0227,1.912269,1.910162,Usage,us-east-1,,,prod
6ef0d815-7176-85a4-8aec-291336c0d5de,2026-02-21T00:00:00Z/2026-02-22T00:00:00Z,2026-02-21T00:00:00Z,2026-02-22T00:00:00Z,AmazonEC2,BoxUsage:m5.xlarge,RunInstances,9.3397,2.131856,2.121866,Usage,us-east-1,,,prod
9be2b869-1a30-1278-842c-f5ef3a55086f,2026-02-21T00:00:00Z/2026-02-22T00:00:00Z,2026-02-21T00:00:00Z,2026-02-22T00:00:00Z,AmazonEC2,BoxUsage:m5.xlarge,RunInstances,18.3668,2.002592,1.913921,Usage,us-east-1,,,prod
b75b0381-6305-6f4b-cf04-f25cfa602cbe,2026-02-21T00:00:00Z/2026-02-22T00:00:00Z,2026-02-21T00:00:00Z,2026-02-22T00:00:00Z,AmazonEC2,BoxUsage:m5.xlarge,RunInstances,4.4113,1.820436,1.748565,Usage,us-east-1,,,prod
c52d88b8-8fe1-fc85-31c4-377ed1e1f12a,2026-02-21T00:00:00Z/2026-02-22T00:00:00Z,2026-02-21T00:00:00Z,2026-02-22T00:00:00Z,AmazonEC2,NatGateway-Hours,RunInstances,11.7622,1.760876,1.681066,Usage,us-east-1,,,prod
3f0db48c-55e2-381a-ec11-33b28a0df9db,2026-02-21T00:00:00Z/2026-02-22T00:00:00Z,2026-02-21T00:00:00Z,2026-02-22T00:00:00Z,AmazonEC2,BoxUsage:m5.xlarge,RunInstances,15.8791,47.479816,48.908869,Usage,us-east-1,,,prod
ef48c50e-56b4-4576-6b38-4b96ff91aca5,2026-02-21T00:00:00Z/2026-02-22T00:00:00Z,2026-02-21T00:00:00Z,2026-02-22T00:00:00Z,AmazonEC2,BoxUsage:m5.xlarge,RunInstances,5.3715,46.350681,47.658267,Usage,us-east-1,,,prod
28216d7b-f26e-2ff4-2752-d4b4590b60af,2026-02-21T00:00:00Z/2026-02-22T00:00:00Z,2026-02-21T00:00:00Z,2026-02-22T00:00:00Z,AmazonEC2,Other,RunInstances,9.8112,59.801004,57.713274,Usage,us-east-1,,,prod
cfd1ab01-fe11-1970-c0cb-7c8a658e834c,2026-02-22T00:00:00Z/2026-02-23T00:00:00Z,2026-02-22T00:00:00Z,2026-02-23T00:00:00Z,AmazonEC2,BoxUsage:m5.xlarge,RunInstances,17.2441,2.037204,1.948745,Usage,us-east-1,,,prod
61cb25c3-f75b-1e28-62a6-e4a460c338bf,2026-02-22T00:00:00Z/2026-02-23T00:00:00Z,2026-02-22T00:00:00Z,2026-02-23T00:00:00Z,AmazonEC2,BoxUsage:m5.xlarge,RunInstances,1.3415,1.721896,1.72188,Usage,us-east-1,,,prod
5b041556-a7f8-ef56-d3d0-67115768ccd9,2026-02-22T00:00:00Z/2026-02-23T00:00:00Z,2026-02-22T00:00:00Z,2026-02-23T00:00:00Z,AmazonEC2,BoxUsage:m5.xlarge,RunInstances,2.1745,2.25514,2.299326,Usage,us-east-1,,,prod
e67e9756-3eeb-d39e-af3f-d7a4ffda4ad5,2026-02-22T00:00:00Z/2026-02-23T00:00:00Z,2026-02-22T00:00:00Z,2026-02-23T00:00:00Z,AmazonEC2,BoxUsage:m5.xlarge,RunInstances,17.0628,2.23984,2.304574,Usage,us-east-1,,,prod
64b0407e-a109-4b95-4699-f68a330589be,2026-02-22T00:00:00Z/2026-02-23T00:00:00Z,2026-02-22T00:00:00Z,2026-02-23T00:00:00Z,AmazonEC2,BoxUsage:m5.xlarge,RunInstances,16.4316,1.8714,1.826972,Usage,us-east-1,,,prod
c61a84eb-f618-e95f-4d91-6d133e047e43,2026-02-22T00:00:00Z/2026-02-23T00:00:00Z,2026-02-22T00:00:00Z,2026-02-23T00:00:00Z,AmazonEC2,NatGateway-Hours,RunInstances,17.9232,1.858897,1.9085,Usage,us-east-1,,,prod
68deff9c-d72f-49d5-93e9-1e115bc442f7,2026-02-22T00:00:00Z/2026-02-23T00:00:00Z,2026-02-22T00:00:00Z,2026-02-23T00:00:00Z,AmazonEC2,BoxUsage:m5.xlarge,RunInstances,16.4333,47.443017,49.635395,Usage,us-east-1,,,prod
18a25532-37a0-6647-9e57-21cd4cdaf915,2026-02-22T00:00:00Z/2026-02-23T00:00:00Z,2026-02-22T00:00:00Z,2026-02-23T00:00:00Z,AmazonEC2,BoxUsage:m5.xlarge,RunInstances,15.1822,58.541163,59.176374,Usage,us-east-1,,,prod
c6eed7f3-1271-e1be-c473-3a26821a80d3,2026-02-22T00:00:00Z/2026-02-23T00:00:00Z,2026-02-22T00:00:00Z,2026-02-23T00:00:00Z,AmazonEC2,Other,RunInstances,14.652,45.438695,46.051648,Usage,us-east-1,,,prod
90ba8f1b-2a83-1d65-0098-42aa50e30087,2026-02-23T00:00:00Z/2026-02-24T00:00:00Z,2026-02-23T00:00:00Z,2026-02-24T00:00:00Z,AmazonEC2,BoxUsage:m5.xlarge,RunInstances,12.7246,1.804537,1.868763,Usage,us-east-1,,,prod
b76d6821-7e7a-fdae-b690-8fc6f1885b32,2026-02-23T00:00:00Z/2026-02-24T00:00:00Z,2026-02-23T00:00:00Z,2026-02-24T00:00:00Z,AmazonEC2,BoxUsage:m5.xlarge,RunInstances,18.7352,2.021216,2.075684,Usage,us-east-1,,,prod
70b64b57-9902-e06e-a716-73886dff54b4,2026-02-23T00:00:00Z/2026-02-24T00:00:00Z,2026-02-23T00:00:00Z,2026-02-24T00:00:00Z,AmazonEC2,BoxUsage:m5.xlarge,RunInstances,18.2461,1.811723,1.739206,Usage,us-east-1,,,prod
d5279bdf-b45d-dc01-049e-3d707e30098e,2026-02-23T00:00:00Z/2026-02-24T00:00:00Z,2026-02-23T00:00:00Z,2026-02-24T00:00:00Z,AmazonEC2,BoxUsage:m5.xlarge,RunInstances,2.2642,1.875525,1.914087,Usage,us-east-1,,,prod
0f56ad64-5b68-f9f8-fbce-65fe8b6b9173,2026-02-23T00:00:00Z/2026-02-24T00:00:00Z,2026-02-23T00:00:00Z,2026-02-24T00:00:00Z,AmazonEC2,BoxUsage:m5.xlarge,RunInstances,19.2295,1.822481,1.735787,Usage,us-east-1,,,prod
916f0a1e-3edb-7cb6-ea70-8d0d75808497,2026-02-23T00:00:00Z/2026-02-24T00:00:00Z,2026-02-23T00:00:00Z,2026-02-24T00:00:00Z,AmazonEC2,NatGateway-Hours,RunInstances,9.0948,2.264959,2.312363,Usage,us-east-1,,,prod
0527e631-60a9-1a9a-f96b-a1c7e38de073,2026-02-23T00:00:00Z/2026-02-24T00:00:00Z,2026-02-23T00:00:00Z,2026-02-24T00:00:00Z,AmazonEC2,BoxUsage:m5.xlarge,RunInstances,13.9421,45.103553,45.296821,Usage,us-east-1,,,prod
a1e4938d-f2d2-283e-ce78-f1315a420937,2026-02-23T00:00:00Z/2026-02-24T00:00:00Z,2026-02-23T00:00:00Z,2026-02-24T00:00:00Z,AmazonEC2,BoxUsage:m5.xlarge,RunInstances,8.1861,53.524195,52.267266,Usage,us-east-1,,,prod
1ee59331-7599-a9ec-b1e0-b5b4b5873000,2026-02-23T00:00:00Z/2026-02-24T00:00:00Z,2026-02-23T00:00:00Z,2026-02-24T00:00:00Z,AmazonEC2,Other,RunInstances,5.8435,44.941032,45.604186,Usage,us-east-1,,,prod
75a69b25-420e-ec83-5597-a1bd704fbbc5,2026-02-24T00:00:00Z/2026-02-25T00:00:00Z,2026-02-24T00:00:00Z,2026-02-25T00:00:00Z,AmazonEC2,BoxUsage:m5.xlarge,RunInstances,21.5383,1.883589,1.857951,Usage,us-east-1,,,prod
807223d8-fbcb-5216-995a-b905e3240278,2026-02-24T00:00:00Z/2026-02-25T00:00:00Z,2026-02-24T00:00:00Z,2026-02-25T00:00:00Z,AmazonEC2,BoxUsage:m5.xlarge,RunInstances,13.9318,1.98981,2.01137,Usage,us-east-1,,,prod
afc98c77-0a4e-6867-b8e8-de9561146402,2026-02-24T00:00:00Z/2026-02-25T00:00:00Z,2026-02-24T00:00:00Z,2026-02-25T00:00:00Z,AmazonEC2,BoxUsage:m5.xlarge,RunInstances,6.1318,2.135743,2.110706,Usage,us-east-1,,,prod
d35010a8-6636-b786-ee3d-e6140815d542,2026-02-24T00:00:00Z/2026-02-25T00:00:00Z,2026-02-24T00:00:00Z,2026-02-25T00:00:00Z,AmazonEC2,BoxUsage:m5.xlarge,RunInstances,8.3743,1.827774,1.83423,Usage,us-east-1,,,prod
776632ad-5646-25e2-36b3-c191529bb97d,2026-02-24T00:00:00Z/2026-02-25T00:00:00Z,2026-02-24T00:00:00Z,2026-02-25T00:00:00Z,AmazonEC2,BoxUsage:m5.xlarge,RunInstances,13.8794,1.840029,1.864958,Usage,us-east-1,,,prod
21b8a563-b245-463b-e4c0-cf5249d15015,2026-02-24T00:00:00Z/2026-02-25T00:00:00Z,2026-02-24T00:00:00Z,2026-02-25T00:00:00Z,AmazonEC2,NatGateway-Hours,RunInstances,4.2345,1.865428,1.808276,Usage,us-east-1,,,prod
ea6e67bd-25a5-312f-7e9e-23ad2f051423,2026-02-24T00:00:00Z/2026-02-25T00:00:00Z,2026-02-24T00:00:00Z,2026-02-25T00:00:00Z,AmazonEC2,BoxUsage:m5.xlarge,RunInstances,10.9296,52.325908,50.633962,Usage,us-east-1,,,prod
e8d49b6e-e3d2-fb6d-24da-b4e68e893041,2026-02-24T00:00:00Z/2026-02-25T00:00:00Z,2026-02-24T00:00:00Z,2026-02-25T00:00:00Z,AmazonEC2,BoxUsage:m5.xlarge,RunInstances,21.5816,50.78824,51.374205,Usage,us-east-1,,,prod
c2829f65-f6ea-0a85-4542-68ecdcbd9bcf,2026-02-24T00:00:00Z/2026-02-25T00:00:00Z,2026-02-24T00:00:00Z,2026-02-25T00:00:00Z,AmazonEC2,Other,RunInstances,14.4357,55.843986,54.997908,Usage,us-east-1,,,prod
cb9573be-fae1-c271-1c36-02f87cfd0d3b,2026-02-25T00:00:00Z/2026-02-26T00:00:00Z,2026-02-25T00:00:00Z,2026-02-26T00:00:00Z,AmazonEC2,BoxUsage:m5.xlarge,RunInstances,9.9846,1.810854,1.763076,Usage,us-east-1,,,prod
4f7b78e5-c744-5f8e-4688-96caa71c05d1,2026-02-25T00:00:00Z/2026-02-26T00:00:00Z,2026-02-25T00:00:00Z,2026-02-26T00:00:00Z,AmazonEC2,BoxUsage:m5.xlarge,RunInstances,22.3749,2.1111,2.071186,Usage,us-east-1,,,prod
8016acbe-0ba8-b9b8-a87d-014f3b583995,2026-02-25T00:00:00Z/2026-02-26T00:00:00Z,2026-02-25T00:00:00Z,2026-02-26T00:00:00Z,AmazonEC2,BoxUsage:m5.xlarge,RunInstances,10.4088,2.245974,2.344436,Usage,us-east-1,,,prod
a4c73ce1-2d3d-423b-5f1f-cb605ac843b2,2026-02-25T00:00:00Z/2026-02-26T00:00:00Z,2026-02-25T00:00:00Z,2026-02-26T00:00:00Z,AmazonEC2,BoxUsage:m5.xlarge,RunInstances,2.8331,1.883475,1.833371,Usage,us-east-1,,,prod
643fff8a-d1c0-f6c7-c184-3f4cfd71e559,2026-02-25T00:00:00Z/2026-02-26T00:00:00Z,2026-02-25T00:00:00Z,2026-02-26T00:00:00Z,AmazonEC2,BoxUsage:m5.xlarge,RunInstances,15.3078,2.1309,2.109845,Usage,us-east-1,,,prod
ea8315a4-672a-bb79-4ca0-688f851210ca,2026-02-25T00:00:00Z/2026-02-26T00:00:00Z,2026-02-25T00:00:00Z,2026-02-26T00:00:00Z,AmazonEC2,NatGateway-Hours,RunInstances,7.3706,2.271831,2.343221,Usage,us-east-1,,,prod
f656930b-04e8-ffcb-6ec3-04f0bd716880,2026-02-25T00:00:00Z/2026-02-26T00:00:00Z,2026-02-25T00:00:00Z,2026-02-26T00:00:00Z,AmazonEC2,BoxUsage:m5.xlarge,RunInstances,15.6866,53.298666,51.387968,Usage,us-east-1,,,prod
ba74cbf0-0103-cf2d-a9a2-0a9c0449ab67,2026-02-25T00:00:00Z/2026-02-26T00:00:00Z,2026-02-25T00:00:00Z,2026-02-26T00:00:00Z,AmazonEC2,BoxUsage:m5.xlarge,RunInstances,5.0435,57.992601,57.617097,Usage,us-east-1,,,prod
ed2434fc-d15d-b33d-bfee-c0aea9b29428,2026-02-25T00:00:00Z/2026-02-26T00:00:00Z,2026-02-25T00:00:00Z,2026-02-26T00:00:00Z,AmazonEC2,Other,RunInstances,15.2778,55.02548,54.218909,Usage,us-east-1,,,prod
33f20b10-8f8e-bed5-50fd-6a9f29cfd3f8,2026-02-26T00:00:00Z/2026-02-27T00:00:00Z,2026-02-26T00:00:00Z,2026-02-27T00:00:00Z,AmazonEC2,BoxUsage:m5.xlarge,RunInstances,4.2567,2.275255,2.185314,Usage,us-east-1,,,prod
571a4d97-20ec-2aa9-b57b-8375aae6ed5b,2026-02-26T00:00:00Z/2026-02-27T00:00:00Z,2026-02-26T00:00:00Z,2026-02-27T00:00:00Z,AmazonEC2,BoxUsage:m5.xlarge,RunInstances,21.7428,1.987248,1.963663,Usage,us-east-1,,,prod
df760e26-4c60-8eb8-1685-14e74fa4c5bc,2026-02-26T00:00:00Z/2026-02-27T00:00:00Z,2026-02-26T00:00:00Z,2026-02-27T00:00:00Z,AmazonEC2,BoxUsage:m5.xlarge,RunInstances,6.5339,1.957275,2.040376,Usage,us-east-1,,,prod
7da5b192-0076-eeac-3162-722e7cebd613,2026-02-26T00:00:00Z/2026-02-27T00:00:00Z,2026-02-26T00:00:00Z,2026-02-27T00:00:00Z,AmazonEC2,BoxUsage:m5.xlarge,RunInstances,20.1799,1.891279,1.838805,Usage,us-east-1,,,prod
cb0370ce-2b76-a3ae-93a0-506a7cecbad9,2026-02-26T00:00:00Z/2026-02-27T00:00:00Z,2026-02-26T00:00:00Z,2026-02-27T00:00:00Z,AmazonEC2,BoxUsage:m5.xlarge,RunInstances,1.1508,1.756255,1.735269,Usage,us-east-1,,,prod
8aabd7f1-ff44-d92f-a806-995f87febc5a,2026-02-26T00:00:00Z/2026-02-27T00:00:00Z,2026-02-26T00:00:00Z,2026-02-27T00:00:00Z,AmazonEC2,NatGateway-Hours,RunInstances,2.0948,1.956021,1.867384,Usage,us-east-1,,,prod
3cbd9f98-ac42-20dc-66ab-700e9975e52c,2026-02-26T00:00:00Z/2026-02-27T00:00:00Z,2026-02-26T00:00:00Z,2026-02-27T00:00:00Z,AmazonEC2,BoxUsage:m5.xlarge,RunInstances,8.2536,59.269341,59.214075,Usage,us-east-1,,,prod
1060713e-df02-e96e-bf28-c8a3cf077b1d,2026-02-26T00:00:00Z/2026-02-27T00:00:00Z,2026-02-26T00:00:00Z,2026-02-27T00:00:00Z,AmazonEC2,BoxUsage:m5.xlarge,RunInstances,22.7555,49.697637,51.067717,Usage,us-east-1,,,prod
add20ea2-40ca-8289-7f71-589f3265f380,2026-02-26T00:00:00Z/2026-02-27T00:00:00Z,2026-02-26T00:00:00Z,2026-02-27T00:00:00Z,AmazonEC2,Other,RunInstances,7.0738,59.62385,60.548851,Usage,us-east-1,,,prod
2e2700c7-8fb8-91c4-ce10-d8f506ebfa52,2026-02-27T00:00:00Z/2026-02-28T00:00:00Z,2026-02-27T00:00:00Z,2026-02-28T00:00:00Z,AmazonEC2,BoxUsage:m5.xlarge,RunInstances,9.9498,1.953779,1.958264,Usage,us-east-1,,,prod
4fea50ea-1bc5-adf3-bf97-01d6715206a6,2026-02-27T00:00:00Z/2026-02-28T00:00:00Z,2026-02-27T00:00:00Z,2026-02-28T00:00:00Z,AmazonEC2,BoxUsage:m5.xlarge,RunInstances,10.5908,2.04675,2.072704,Usage,us-east-1,,,prod
c12c21a5-8aa9-8083-26ae-66d1ec0dd654,2026-02-27T00:00:00Z/2026-02-28T00:00:00Z,2026-02-27T00:00:00Z,2026-02-28T00:00:00Z,AmazonEC2,BoxUsage:m5.xlarge,RunInstances,13.9973,1.841246,1.830534,Usage,us-east-1,,,prod
0993335b-d8a1-e751-2c93-570a4f61acde,2026-02-27T00:00:00Z/2026-02-28T00:00:00Z,2026-02-27T00:00:00Z,2026-02-28T00:00:00Z,AmazonEC2,BoxUsage:m5.xlarge,RunInstances,10.7194,1.882171,1.860418,Usage,us-east-1,,,prod
b19a53b8-45d7-86e1-d87a-c5bbbfa4dc85,2026-02-27T00:00:00Z/2026-02-28T00:00:00Z,2026-02-27T00:00:00Z,2026-02-28T00:00:00Z,AmazonEC2,BoxUsage:m5.xlarge,RunInstances,3.0199,2.231728,2.315686,Usage,us-east-1,,,prod
fb28ee8e-8b41-051b-5c53-f82c57c34bf8,2026-02-27T00:00:00Z/2026-02-28T00:00:00Z,2026-02-27T00:00:00Z,2026-02-28T00:00:00Z,AmazonEC2,NatGateway-Hours,RunInstances,17.632,1.979782,1.957199,Usage,us-east-1,,,prod
316b40b5-9a0d-b74d-be84-b9d54995f130,2026-02-27T00:00:00Z/2026-02-28T00:00:00Z,2026-02-27T00:00:00Z,2026-02-28T00:00:00Z,AmazonEC2,BoxUsage:m5.xlarge,RunInstances,12.6906,47.968188,45.666569,Usage,us-east-1,,,prod
3a1e3290-406f-b0c9-4d74-aee38b233454,2026-02-27T00:00:00Z/2026-02-28T00:00:00Z,2026-02-27T00:00:00Z,2026-02-28T00:00:00Z,AmazonEC2,BoxUsage:m5.xlarge,RunInstances,7.7834,47.404445,45.503997,Usage,us-east-1,,,prod
47941f25-c702-d239-d8d2-b3402e14a485,2026-02-27T00:00:00Z/2026-02-28T00:00:00Z,2026-02-27T00:00:00Z,2026-02-28T00:00:00Z,AmazonEC2,Other,RunInstances,14.2574,52.947975,53.135077,Usage,us-east-1,,,prod
686f557a-3305-bc2c-51d4-90b16e9f552d,2026-02-28T00:00:00Z/2026-03-01T00:00:00Z,2026-02-28T00:00:00Z,2026-03-01T00:00:00Z,AmazonEC2,BoxUsage:m5.xlarge,RunInstances,8.6176,2.205599,2.170092,Usage,us-east-1,,,prod
af228fe6-19a0-051d-21c8-d06835a382db,2026-02-28T00:00:00Z/2026-03-01T00:00:00Z,2026-02-28T00:00:00Z,2026-03-01T00:00:00Z,AmazonEC2,BoxUsage:m5.xlarge,RunInstances,6.9738,1.802594,1.869997,Usage,us-east-1,,,prod
21469235-d898-c51c-3ae3-8168fc529fb6,2026-02-28T00:00:00Z/2026-03-01T00:00:00Z,2026-02-28T00:00:00Z,2026-03-01T00:00:00Z,AmazonEC2,BoxUsage:m5.xlarge,RunInstances,22.1586,1.727288,1.765862,Usage,us-east-1,,,prod
8017b63b-21e4-4027-913e-af65394b9366,2026-02-28T00:00:00Z/2026-03-01T00:00:00Z,2026-02-28T00:00:00Z,2026-03-01T00:00:00Z,AmazonEC2,BoxUsage:m5.xlarge,RunInstances,18.3339,2.167604,2.138225,Usage,us-east-1,,,prod
1d0ecb73-0cba-5738-19df-79640f5c72d8,2026-02-28T00:00:00Z/2026-03-01T00:00:00Z,2026-02-28T00:00:00Z,2026-03-01T00:00:00Z,AmazonEC2,BoxUsage:m5.xlarge,RunInstances,18.0641,2.105267,2.089642,Usage,us-east-1,,,prod
bfad4d56-d804-87b3-ac0f-06b2f7ede6c0,2026-02-28T00:00:00Z/2026-03-01T00:00:00Z,2026-02-28T00:00:00Z,2026-03-01T00:00:00Z,AmazonEC2,NatGateway-Hours,RunInstances,22.8748,1.919089,1.839472,Usage,us-east-1,,,prod
603f0616-3cd9-115b-dca8-79694630b0e4,2026-02-28T00:00:00Z/2026-03-01T00:00:00Z,2026-02-28T00:00:00Z,2026-03-01T00:00:00Z,AmazonEC2,BoxUsage:m5.xlarge,RunInstances,21.1751,45.331306,43.384193,Usage,us-east-1,,,prod
0e86dbf0-3078-348b-87f2-47f9be277e1d,2026-02-28T00:00:00Z/2026-03-01T00:00:00Z,2026-02-28T00:00:00Z,2026-03-01T00:00:00Z,AmazonEC2,BoxUsage:m5.xlarge,RunInstances,14.1845,57.700553,59.094761,Usage,us-east-1,,,prod
026ab525-9c31-cb77-92fa-fc2f6eee24ed,2026-02-28T00:00:00Z/2026-03-01T00:00:00Z,2026-02-28T00:00:00Z,2026-03-01T00:00:00Z,AmazonEC2,Other,RunInstances,15.5123,55.832532,53.79792,Usage,us-east-1,,,prod
149a2df5-7b01-05e6-d92f-625cc91fc639,2026-03-01T00:00:00Z/2026-03-02T00:00:00Z,2026-03-01T00:00:00Z,2026-03-02T00:00:00Z,AmazonEC2,BoxUsage:m5.xlarge,RunInstances,19.7076,2.244301,2.302509,Usage,us-east-1,,,prod
7ce3284c-df89-41e6-728e-ff2c2a307385,2026-03-01T00:00:00Z/2026-03-02T00:00:00Z,2026-03-01T00:00:00Z,2026-03-02T00:00:00Z,AmazonEC2,BoxUsage:m5.xlarge,RunInstances,15.5581,2.118004,2.036182,Usage,us-east-1,,,prod
f00bdb9b-2c39-dbfc-f841-45e1d7f04121,2026-03-01T00:00:00Z/2026-03-02T00:00:00Z,2026-03-01T00:00:00Z,2026-03-02T00:00:00Z,AmazonEC2,BoxUsage:m5.xlarge,RunInstances,3.5707,1.889689,1.858285,Usage,us-east-1,,,prod
be0fec5f-2bad-1d43-0ea2-055878f39364,2026-03-01T00:00:00Z/2026-03-02T00:00:00Z,2026-03-01T00:00:00Z,2026-03-02T00:00:00Z,AmazonEC2,BoxUsage:m5.xlarge,RunInstances,23.6251,1.723913,1.713118,Usage,us-east-1,,,prod
07f6bcce-9be7-9e4d-4345-836211c4db8f,2026-03-01T00:00:00Z/2026-03-02T00:00:00Z,2026-03-01T00:00:00Z,2026-03-02T00:00:00Z,AmazonEC2,BoxUsage:m5.xlarge,RunInstances,5.2933,1.860297,1.852805,Usage,us-east-1,,,prod
9836cfb2-b41c-9333-6a94-c2df20679481,2026-03-01T00:00:00Z/2026-03-02T00:00:00Z,2026-03-01T00:00:00Z,2026-03-02T00:00:00Z,AmazonEC2,NatGateway-Hours,RunInstances,4.623,1.967704,2.028991,Usage,us-east-1,,,prod
b134b491-9275-6f9a-c6ec-f244c82e4669,2026-03-01T00:00:00Z/2026-03-02T00:00:00Z,2026-03-01T00:00:00Z,2026-03-02T00:00:00Z,AmazonEC2,BoxUsage:m5.xlarge,RunInstances,21.2499,52.039885,51.277403,Usage,us-east-1,,,prod
0c4f292b-b177-a9b6-ce73-2d41fffb7576,2026-03-01T00:00:00Z/2026-03-02T00:00:00Z,2026-03-01T00:00:00Z,2026-03-02T00:00:00Z,AmazonEC2,BoxUsage:m5.xlarge,RunInstances,20.5414,49.088977,47.1601,Usage,us-east-1,,,prod
1807a6f5-7826-e7ec-3784-52dfc2aab932,2026-03-01T00:00:00Z/2026-03-02T00:00:00Z,2026-03-01T00:00:00Z,2026-03-02T00:00:00Z,AmazonEC2,Other,RunInstances,16.1307,51.707277,53.759864,Usage,us-east-1,,,prod
3726029e-eff0-aee1-9eed-a3194628ccf5,2026-03-02T00:00:00Z/2026-03-03T00:00:00Z,2026-03-02T00:00:00Z,2026-03-03T00:00:00Z,AmazonEC2,BoxUsage:m5.xlarge,RunInstances,6.465,1.700756,1.777302,Usage,us-east-1,,,prod
c1379150-d8ff-fbe0-2434-af31e9ee4b1e,2026-03-02T00:00:00Z/2026-03-03T00:00:00Z,2026-03-02T00:00:00Z,2026-03-03T00:00:00Z,AmazonEC2,BoxUsage:m5.xlarge,RunInstances,21.3149,1.744496,1.725418,Usage,us-east-1,,,prod
e08db2f7-1926-6d18-4896-256d14093de7,2026-03-02T00:00:00Z/2026-03-03T00:00:00Z,2026-03-02T00:00:00Z,2026-03-03T00:00:00Z,AmazonEC2,BoxUsage:m5.xlarge,RunInstances,2.5662,2.299263,2.396774,Usage,us-east-1,,,prod
b0760be4-a525-9727-fc74-8c680a8de6e0,2026-03-02T00:00:00Z/2026-03-03T00:00:00Z,2026-03-02T00:00:00Z,2026-03-03T00:00:00Z,AmazonEC2,BoxUsage:m5.xlarge,RunInstances,18.9288,1.878985,1.866647,Usage,us-east-1,,,prod
6a9a998c-a7ce-62f2-06b4-bf6cd40723c0,2026-03-02T00:00:00Z/2026-03-03T00:00:00Z,2026-03-02T00:00:00Z,2026-03-03T00:00:00Z,AmazonEC2,BoxUsage:m5.xlarge,RunInstances,18.5041,1.813474,1.890486,Usage,us-east-1,,,prod
6f18e697-97e3-8394-af1d-9734aae21715,2026-03-02T00:00:00Z/2026-03-03T00:00:00Z,2026-03-02T00:00:00Z,2026-03-03T00:00:00Z,AmazonEC2,NatGateway-Hours,RunInstances,8.8102,2.227318,2.289361,Usage,us-east-1,,,prod
7e8a0542-3c16-940f-6259-4784c9676c26,2026-03-02T00:00:00Z/2026-03-03T00:00:00Z,2026-03-02T00:00:00Z,2026-03-03T00:00:00Z,AmazonEC2,BoxUsage:m5.xlarge,RunInstances,5.9043,46.57125,46.752803,Usage,us-east-1,,,prod
d3d15bff-7235-b994-4cd0-9da311f2b1f8,2026-03-02T00:00:00Z/2026-03-03T00:00:00Z,2026-03-02T00:00:00Z,2026-03-03T00:00:00Z,AmazonEC2,BoxUsage:m5.xlarge,RunInstances,5.7262,49.342993,47.09596,Usage,us-east-1,,,prod
a4fdf2ca-f9df-c8e6-3dd0-357d5a06cf69,2026-03-02T00:00:00Z/2026-03-03T00:00:00Z,2026-03-02T00:00:00Z,2026-03-03T00:00:00Z,AmazonEC2,Other,RunInstances,17.6098,51.301385,53.186132,Usage,us-east-1,,,prod
775bfda3-60a3-f09c-0703-d9dabf626e81,2026-03-03T00:00:00Z/2026-03-04T00:00:00Z,2026-03-03T00:00:00Z,2026-03-04T00:00:00Z,AmazonEC2,BoxUsage:m5.xlarge,RunInstances,5.837,2.076806,2.044499,Usage,us-east-1,,,prod
b9e27514-24f4-acc0-2798-568ec7fe09a9,2026-03-03T00:00:00Z/2026-03-04T00:00:00Z,2026-03-03T00:00:00Z,2026-03-04T00:00:00Z,AmazonEC2,BoxUsage:m5.xlarge,RunInstances,8.371,1.965058,2.007134,Usage,us-east-1,,,prod
2179cd64-3b3a-53a5-ea8c-3d4ad12be5ad,2026-03-03T00:00:00Z/2026-03-04T00:00:00Z,2026-03-03T00:00:00Z,2026-03-04T00:00:00Z,AmazonEC2,BoxUsage:m5.xlarge,RunInstances,4.9395,2.076729,2.107916,Usage,us-east-1,,,prod
2d967913-ecb4-bf4a-2374-c01fc6014d0f,2026-03-03T00:00:00Z/2026-03-04T00:00:00Z,2026-03-03T00:00:00Z,2026-03-04T00:00:00Z,AmazonEC2,BoxUsage:m5.xlarge,RunInstances,4.8867,1.731144,1.646593,Usage,us-east-1,,,prod
3c1f4000-8cb0-8fa8-9871-c873f1e65bc4,2026-03-03T00:00:00Z/2026-03-04T00:00:00Z,2026-03-03T00:00:00Z,2026-03-04T00:00:00Z,AmazonEC2,BoxUsage:m5.xlarge,RunInstances,1.9544,1.883063,1.872647,Usage,us-east-1,,,prod
135029c9-84e5-39c0-0229-b25758ff1f42,2026-03-03T00:00:00Z/2026-03-04T00:00:00Z,2026-03-03T00:00:00Z,2026-03-04T00:00:00Z,AmazonEC2,NatGateway-Hours,RunInstances,1.8565,2.059952,2.117338,Usage,us-east-1,,,prod
10859266-34c9-284c-8b80-81b49af64fca,2026-03-03T00:00:00Z/2026-03-04T00:00:00Z,2026-03-03T00:00:00Z,2026-03-04T00:00:00Z,AmazonEC2,BoxUsage:m5.xlarge,RunInstances,18.4025,45.793919,45.228795,Usage,us-east-1,,,prod
645abc24-3b54-26b9-870e-4b4ec0406b49,2026-03-03T00:00:00Z/2026-03-04T00:00:00Z,2026-03-03T00:00:00Z,2026-03-04T00:00:00Z,AmazonEC2,BoxUsage:m5.xlarge,RunInstances,23.0327,46.783985,47.86044,Usage,us-east-1,,,prod
fc3b8f83-580d-b834-449c-6af3e45d27dc,2026-03-03T00:00:00Z/2026-03-04T00:00:00Z,2026-03-03T00:00:00Z,2026-03-04T00:00:00Z,AmazonEC2,Other,RunInstances,16.1886,54.341679,55.547587,Usage,us-east-1,,,prod
07a32eb4-e7c4-295c-a09b-e2ced9da28eb,2026-03-04T00:00:00Z/2026-03-05T00:00:00Z,2026-03-04T00:00:00Z,2026-03-05T00:00:00Z,AmazonEC2,BoxUsage:m5.xlarge,RunInstances,12.0792,1.788104,1.75303,Usage,us-east-1,,,prod
5e2a86d4-8646-3f3a-85e5-fc1eb0a50c01,2026-03-04T00:00:00Z/2026-03-05T00:00:00Z,2026-03-04T00:00:00Z,2026-03-05T00:00:00Z,AmazonEC2,BoxUsage:m5.xlarge,RunInstances,17.4634,1.870213,1.94603,Usage,us-east-1,,,prod
9ce983d7-3c1c-67e3-bc62-6e9d7e32ba82,2026-03-04T00:00:00Z/2026-03-05T00:00:00Z,2026-03-04T00:00:00Z,2026-03-05T00:00:00Z,AmazonEC2,BoxUsage:m5.xlarge,RunInstances,17.678,1.702586,1.751841,Usage,us-east-1,,,prod
ccbb540b-fcf7-b11f-64de-0f9962b5f11a,2026-03-04T00:00:00Z/2026-03-05T00:00:00Z,2026-03-04T00:00:00Z,2026-03-05T00:00:00Z,AmazonEC2,BoxUsage:m5.xlarge,RunInstances,22.7573,1.900821,1.829836,Usage,us-east-1,,,prod
4cd68775-9cfb-1d81-90db-302569a53525,2026-03-04T00:00:00Z/2026-03-05T00:00:00Z,2026-03-04T00:00:00Z,2026-03-05T00:00:00Z,AmazonEC2,BoxUsage:m5.xlarge,RunInstances,17.8273,2.09305,1.989242,Usage,us-east-1,,,prod
e00392c8-28df-d0b4-1775-d1e79dbd730c,2026-03-04T00:00:00Z/2026-03-05T00:00:00Z,2026-03-04T00:00:00Z,2026-03-05T00:00:00Z,AmazonEC2,NatGateway-Hours,RunInstances,3.7356,1.952223,1.954893,Usage,us-east-1,,,prod
6b1b2847-ee8e-49f9-d8e3-347186b8c974,2026-03-04T00:00:00Z/2026-03-05T00:00:00Z,2026-03-04T00:00:00Z,2026-03-05T00:00:00Z,AmazonEC2,BoxUsage:m5.xlarge,RunInstances,14.2339,51.264829,52.598864,Usage,us-east-1,,,prod
370c8b50-ee12-ad10-72a7-0ab32ef22618,2026-03-04T00:00:00Z/2026-03-05T00:00:00Z,2026-03-04T00:00:00Z,2026-03-05T00:00:00Z,AmazonEC2,BoxUsage:m5.xlarge,RunInstances,5.1346,50.531706,50.251908,Usage,us-east-1,,,prod
f2d174cb-7b64-123d-54fc-8861790e2b65,2026-03-04T00:00:00Z/2026-03-05T00:00:00Z,2026-03-04T00:00:00Z,2026-03-05T00:00:00Z,AmazonEC2,Other,RunInstances,23.1892,59.241463,59.908329,Usage,us-east-1,,,prod
62b18aec-327b-97ae-adea-b3c474177ec2,2026-03-05T00:00:00Z/2026-03-06T00:00:00Z,2026-03-05T00:00:00Z,2026-03-06T00:00:00Z,AmazonEC2,BoxUsage:m5.xlarge,RunInstances,7.888,1.870731,1.841877,Usage,us-east-1,,,prod
43485997-e4f5-2353-c9f6-3e17f4a431c0,2026-03-05T00:00:00Z/2026-03-06T00:00:00Z,2026-03-05T00:00:00Z,2026-03-06T00:00:00Z,AmazonEC2,BoxUsage:m5.xlarge,RunInstances,19.5243,1.858869,1.796383,Usage,us-east-1,,,prod
5deaa178-ae1e-f47d-1482-de238703e65c,2026-03-05T00:00:00Z/2026-03-06T00:00:00Z,2026-03-05T00:00:00Z,2026-03-06T00:00:00Z,AmazonEC2,BoxUsage:m5.xlarge,RunInstances,11.9209,2.286924,2.27783,Usage,us-east-1,,,prod
602a0143-0937-5128-5cad-e43109e34821,2026-03-05T00:00:00Z/2026-03-06T00:00:00Z,2026-03-05T00:00:00Z,2026-03-06T00:00:00Z,AmazonEC2,BoxUsage:m5.xlarge,RunInstances,18.1734,2.195927,2.261815,Usage,us-east-1,,,prod
24a9346d-52a8-5462-fe23-a20db26d45d2,2026-03-05T00:00:00Z/2026-03-06T00:00:00Z,2026-03-05T00:00:00Z,2026-03-06T00:00:00Z,AmazonEC2,BoxUsage:m5.xlarge,RunInstances,6.547,1.882028,1.818815,Usage,us-east-1,,,prod
1f6c6a9a-12bd-6e62-c3fd-291c1bc6c036,2026-03-05T00:00:00Z/2026-03-06T00:00:00Z,2026-03-05T00:00:00Z,2026-03-06T00:00:00Z,AmazonEC2,NatGateway-Hours,RunInstances,12.828,2.281239,2.255787,Usage,us-east-1,,,prod
130dc1b4-4a3c-c7dc-ae56-33997f7cd0dd,2026-03-05T00:00:00Z/2026-03-06T00:00:00Z,2026-03-05T00:00:00Z,2026-03-06T00:00:00Z,AmazonEC2,BoxUsage:m5.xlarge,RunInstances,17.6599,59.714929,62.187987,Usage,us-east-1,,,prod
d073235a-bf55-d8a9-d9b4-7c7bd17f2fed,2026-03-05T00:00:00Z/2026-03-06T00:00:00Z,2026-03-05T00:00:00Z,2026-03-06T00:00:00Z,AmazonEC2,BoxUsage:m5.xlarge,RunInstances,20.4542,46.298147,45.693902,Usage,us-east-1,,,prod
81391b73-d29a-dfc2-80a4-ab272ffb425b,2026-03-05T00:00:00Z/2026-03-06T00:00:00Z,2026-03-05T00:00:00Z,2026-03-06T00:00:00Z,AmazonEC2,Other,RunInstances,1.7845,59.756029,59.482161,Usage,us-east-1,,,prod
b85469ce-6242-e16d-6dce-dedf5082408d,2026-03-06T00:00:00Z/2026-03-07T00:00:00Z,2026-03-06T00:00:00Z,2026-03-07T00:00:00Z,AmazonEC2,BoxUsage:m5.xlarge,RunInstances,21.8779,2.277424,2.221984,Usage,us-east-1,,,prod
c4f93f8e-505c-816f-5919-48bf37be42de,2026-03-06T00:00:00Z/2026-03-07T00:00:00Z,2026-03-06T00:00:00Z,2026-03-07T00:00:00Z,AmazonEC2,BoxUsage:m5.xlarge,RunInstances,13.257,1.924848,1.829635,Usage,us-east-1,,,prod
d43320d7-ac4d-5841-54f5-e8d83ecf5ebf,2026-03-06T00:00:00Z/2026-03-07T00:00:00Z,2026-03-06T00:00:00Z,2026-03-07T00:00:00Z,AmazonEC2,BoxUsage:m5.xlarge,RunInstances,19.2472,1.914409,1.902573,Usage,us-east-1,,,prod
c8b8021c-481a-fe76-e613-633ef537d86e,2026-03-06T00:00:00Z/2026-03-07T00:00:00Z,2026-03-06T00:00:00Z,2026-03-07T00:00:00Z,AmazonEC2,BoxUsage:m5.xlarge,RunInstances,10.4121,2.006057,1.93061,Usage,us-east-1,,,prod
092ef991-e346-2f59-1ea3-8e55ae7dc5b1,2026-03-06T00:00:00Z/2026-03-07T00:00:00Z,2026-03-06T00:00:00Z,2026-03-07T00:00:00Z,AmazonEC2,BoxUsage:m5.xlarge,RunInstances,2.4036,2.081056,2.170427,Usage,us-east-1,,,prod
6f924501-a221-a78a-3fef-c63ee600f27f,2026-03-06T00:00:00Z/2026-03-07T00:00:00Z,2026-03-06T00:00:00Z,2026-03-07T00:00:00Z,AmazonEC2,NatGateway-Hours,RunInstances,14.3594,1.937211,1.937975,Usage,us-east-1,,,prod
5b1f202c-aab2-1dac-72c5-8be145f6288b,2026-03-06T00:00:00Z/2026-03-07T00:00:00Z,2026-03-06T00:00:00Z,2026-03-07T00:00:00Z,AmazonEC2,BoxUsage:m5.xlarge,RunInstances,23.0266,45.896893,45.217754,Usage,us-east-1,,,prod
805012af-c533-7d9b-0110-94d8c47b853d,2026-03-06T00:00:00Z/2026-03-07T00:00:00Z,2026-03-06T00:00:00Z,2026-03-07T00:00:00Z,AmazonEC2,BoxUsage:m5.xlarge,RunInstances,13.1649,58.516036,59.293392,Usage,us-east-1,,,prod
994b5086-a833-f759-d019-b40920a4ede3,2026-03-06T00:00:00Z/2026-03-07T00:00:00Z,2026-03-06T00:00:00Z,2026-03-07T00:00:00Z,AmazonEC2,Other,RunInstances,18.5049,45.542023,46.593595,Usage,us-east-1,,,prod
d9883f5f-24a4-922e-7f4e-b6a43d19ebf8,2026-03-07T00:00:00Z/2026-03-08T00:00:00Z,2026-03-07T00:00:00Z,2026-03-08T00:00:00Z,AmazonEC2,BoxUsage:m5.xlarge,RunInstances,4.5983,1.88851,1.807191,Usage,us-east-1,,,prod
2a501ef9-cb1b-e216-1485-82acd8c6336c,2026-03-07T00:00:00Z/2026-03-08T00:00:00Z,2026-03-07T00:00:00Z,2026-03-08T00:00:00Z,AmazonEC2,BoxUsage:m5.xlarge,RunInstances,6.1717,2.039827,2.10871,Usage,us-east-1,,,prod
2d3e436a-c15f-dcca-13b6-9de370945a86,2026-03-07T00:00:00Z/2026-03-08T00:00:00Z,2026-03-07T00:00:00Z,2026-03-08T00:00:00Z,AmazonEC2,BoxUsage:m5.xlarge,RunInstances,13.8928,1.837538,1.747894,Usage,us-east-1,,,prod
0bfec163-8909-f008-e56c-5c55692a92a3,2026-03-07T00:00:00Z/2026-03-08T00:00:00Z,2026-03-07T00:00:00Z,2026-03-08T00:00:00Z,AmazonEC2,BoxUsage:m5.xlarge,RunInstances,17.0291,2.268366,2.203752,Usage,us-east-1,,,prod
86420bb0-b7bf-efef-d378-07917a4023d8,2026-03-07T00:00:00Z/2026-03-08T00:00:00Z,2026-03-07T00:00:00Z,2026-03-08T00:00:00Z,AmazonEC2,BoxUsage:m5.xlarge,RunInstances,2.1123,1.822621,1.738978,Usage,us-east-1,,,prod
e667fd07-cfa9-a2cb-81cd-c5b52ff82b48,2026-03-07T00:00:00Z/2026-03-08T00:00:00Z,2026-03-07T00:00:00Z,2026-03-08T00:00:00Z,AmazonEC2,NatGateway-Hours,RunInstances,3.69,2.199892,2.185989,Usage,us-east-1,,,prod
d974bfb9-ad5f-981a-441d-c464ca770126,2026-03-07T00:00:00Z/2026-03-08T00:00:00Z,2026-03-07T00:00:00Z,2026-03-08T00:00:00Z,AmazonEC2,BoxUsage:m5.xlarge,RunInstances,13.1183,45.517411,47.106754,Usage,us-east-1,,,prod
effbc924-9e73-e9cd-4a0e-3ad96a78bf00,2026-03-07T00:00:00Z/2026-03-08T00:00:00Z,2026-03-07T00:00:00Z,2026-03-08T00:00:00Z,AmazonEC2,BoxUsage:m5.xlarge,RunInstances,8.9531,45.822622,43.721323,Usage,us-east-1,,,prod
e482018b-fa91-2694-19e6-7e5161783b19,2026-03-07T00:00:00Z/2026-03-08T00:00:00Z,2026-03-07T00:00:00Z,2026-03-08T00:00:00Z,AmazonEC2,Other,RunInstances,22.1682,59.627997,62.156352,Usage,us-east-1,,,prod
0c179e78-5e66-c400-0f31-e161b9b09fc0,2026-03-08T00:00:00Z/2026-03-09T00:00:00Z,2026-03-08T00:00:00Z,2026-03-09T00:00:00Z,AmazonEC2,BoxUsage:m5.xlarge,RunInstances,13.5047,2.082652,2.000327,Usage,us-east-1,,,prod
97738b55-86f4-a60c-4968-f88ad05366ed,2026-03-08T00:00:00Z/2026-03-09T00:00:00Z,2026-03-08T00:00:00Z,2026-03-09T00:00:00Z,AmazonEC2,BoxUsage:m5.xlarge,RunInstances,2.8729,2.002368,2.007849,Usage,us-east-1,,,prod
fee99692-6dc8-3d9e-e158-3b5e3818a88a,2026-03-08T00:00:00Z/2026-03-09T00:00:00Z,2026-03-08T00:00:00Z,2026-03-09T00:00:00Z,AmazonEC2,BoxUsage:m5.xlarge,RunInstances,12.2478,2.148914,2.08762,Usage,us-east-1,,,prod
25e55d35-b607-c316-5cd2-67455b6808bf,2026-03-08T00:00:00Z/2026-03-09T00:00:00Z,2026-03-08T00:00:00Z,2026-03-09T00:00:00Z,AmazonEC2,BoxUsage:m5.xlarge,RunInstances,19.7288,1.80561,1.788162,Usage,us-east-1,,,prod
657ddac1-8089-aef2-bf96-3bdc4e27e63c,2026-03-08T00:00:00Z/2026-03-09T00:00:00Z,2026-03-08T00:00:00Z,2026-03-09T00:00:00Z,AmazonEC2,BoxUsage:m5.xlarge,RunInstances,10.7217,1.739597,1.782904,Usage,us-east-1,,,prod
0d7544e3-edce-187f-a320-9311d3061e30,2026-03-08T00:00:00Z/2026-03-09T00:00:00Z,2026-03-08T00:00:00Z,2026-03-09T00:00:00Z,AmazonEC2,NatGateway-Hours,RunInstances,12.9959,1.81669,1.804798,Usage,us-east-1,,,prod
10baa08e-567b-2d87-9366-34b2c973c41b,2026-03-08T00:00:00Z/2026-03-09T00:00:00Z,2026-03-08T00:00:00Z,2026-03-09T00:00:00Z,AmazonEC2,BoxUsage:m5.xlarge,RunInstances,12.2486,53.060812,51.157261,Usage,us-east-1,,,prod
d906e4de-2127-d07f-a680-1d6b448821c9,2026-03-08T00:00:00Z/2026-03-09T00:00:00Z,2026-03-08T00:00:00Z,2026-03-09T00:00:00Z,AmazonEC2,BoxUsage:m5.xlarge,RunInstances,3.8157,47.029616,44.973729,Usage,us-east-1,,,prod
164b9044-2342-4811-ae52-789180de1094,2026-03-08T00:00:00Z/2026-03-09T00:00:00Z,2026-03-08T00:00:00Z,2026-03-09T00:00:00Z,AmazonEC2,Other,RunInstances,17.3235,57.043377,54.44261,Usage,us-east-1,,,prod
63046eff-6c7a-d39c-6a71-46c97c27b484,2026-03-09T00:00:00Z/2026-03-10T00:00:00Z,2026-03-09T00:00:00Z,2026-03-10T00:00:00Z,AmazonEC2,BoxUsage:m5.xlarge,RunInstances,4.86,2.105607,2.055723,Usage,us-east-1,,,prod
5b5e7ad4-3104-be83-d157-d5a3ab5833ed,2026-03-09T00:00:00Z/2026-03-10T00:00:00Z,2026-03-09T00:00:00Z,2026-03-10T00:00:00Z,AmazonEC2,BoxUsage:m5.xlarge,RunInstances,10.7759,1.729119,1.688659,Usage,us-east-1,,,prod
3786e765-f617-8104-abe6-02ab72ddd9fc,2026-03-09T00:00:00Z/2026-03-10T00:00:00Z,2026-03-09T00:00:00Z,2026-03-10T00:00:00Z,AmazonEC2,BoxUsage:m5.xlarge,RunInstances,6.3619,2.135237,2.028805,Usage,us-east-1,,,prod
3f72faee-09a3-0b46-1b61-4f6a53a995fa,2026-03-09T00:00:00Z/2026-03-10T00:00:00Z,2026-03-09T00:00:00Z,2026-03-10T00:00:00Z,AmazonEC2,BoxUsage:m5.xlarge,RunInstances,2.5603,1.935583,2.000601,Usage,us-east-1,,,prod
41de29a4-4583-4706-8e6f-cefb67d74054,2026-03-09T00:00:00Z/2026-03-10T00:00:00Z,2026-03-09T00:00:00Z,2026-03-10T00:00:00Z,AmazonEC2,BoxUsage:m5.xlarge,RunInstances,10.7646,1.787808,1.725223,Usage,us-east-1,,,prod
ffd6deab-0bd4-cca4-c854-020c86cb559d,2026-03-09T00:00:00Z/2026-03-10T00:00:00Z,2026-03-09T00:00:00Z,2026-03-10T00:00:00Z,AmazonEC2,NatGateway-Hours,RunInstances,3.9147,1.81507,1.890487,Usage,us-east-1,,,prod
f2476235-6923-db83-35ec-fc68d37de942,2026-03-09T00:00:00Z/2026-03-10T00:00:00Z,2026-03-09T00:00:00Z,2026-03-10T00:00:00Z,AmazonEC2,BoxUsage:m5.xlarge,RunInstances,14.2731,46.063308,45.972907,Usage,us-east-1,,,prod
4c6613c7-03be-b148-c458-fc73acfb1ccd,2026-03-09T00:00:00Z/2026-03-10T00:00:00Z,2026-03-09T00:00:00Z,2026-03-10T00:00:00Z,AmazonEC2,BoxUsage:m5.xlarge,RunInstances,20.0977,52.640762,54.788182,Usage,us-east-1,,,prod
c59010c7-8d33-8a01-1227-a271a04ba8f9,2026-03-09T00:00:00Z/2026-03-10T00:00:00Z,2026-03-09T00:00:00Z,2026-03-10T00:00:00Z,AmazonEC2,Other,RunInstances,9.6751,54.273312,55.055433,Usage,us-east-1,,,prod
1e628bfd-7ee9-fe6f-d581-6f3fec30b75d,2026-03-10T00:00:00Z/2026-03-11T00:00:00Z,2026-03-10T00:00:00Z,2026-03-11T00:00:00Z,AmazonEC2,BoxUsage:m5.xlarge,RunInstances,13.0725,2.241516,2.202743,Usage,us-east-1,,,prod
80edcf8b-2e64-9a1a-21d7-491686bd4856,2026-03-10T00:00:00Z/2026-03-11T00:00:00Z,2026-03-10T00:00:00Z,2026-03-11T00:00:00Z,AmazonEC2,BoxUsage:m5.xlarge,RunInstances,21.2011,2.278511,2.371881,Usage,us-east-1,,,prod
952fd571-cf1f-ae87-c70c-41000d19a52a,2026-03-10T00:00:00Z/2026-03-11T00:00:00Z,2026-03-10T00:00:00Z,2026-03-11T00:00:00Z,AmazonEC2,BoxUsage:m5.xlarge,RunInstances,7.5096,2.214621,2.210976,Usage,us-east-1,,,prod
5420bf28-96ae-5306-a9af-38e20f3ee568,2026-03-10T00:00:00Z/2026-03-11T00:00:00Z,2026-03-10T00:00:00Z,2026-03-11T00:00:00Z,AmazonEC2,BoxUsage:m5.xlarge,RunInstances,15.0063,1.735302,1.797481,Usage,us-east-1,,,prod
0cfe1c00-5a75-95e1-cc91-ed247ab96f68,2026-03-10T00:00:00Z/2026-03-11T00:00:00Z,2026-03-10T00:00:00Z,2026-03-11T00:00:00Z,AmazonEC2,BoxUsage:m5.xlarge,RunInstances,9.6266,2.095849,2.04634,Usage,us-east-1,,,prod
2d7ce374-8663-0733-653b-dd067442a112,2026-03-10T00:00:00Z/2026-03-11T00:00:00Z,2026-03-10T00:00:00Z,2026-03-11T00:00:00Z,AmazonEC2,NatGateway-Hours,RunInstances,15.4664,1.912026,1.854066,Usage,us-east-1,,,prod
5ae3a190-8d98-1f3c-d590-4bdc849c63af,2026-03-10T00:00:00Z/2026-03-11T00:00:00Z,2026-03-10T00:00:00Z,2026-03-11T00:00:00Z,AmazonEC2,BoxUsage:m5.xlarge,RunInstances,10.5752,50.766673,50.939902,Usage,us-east-1,,,prod
2b14a5d7-3715-a47e-92c1-9b27dc002b18,2026-03-10T00:00:00Z/2026-03-11T00:00:00Z,2026-03-10T00:00:00Z,2026-03-11T00:00:00Z,AmazonEC2,BoxUsage:m5.xlarge,RunInstances,17.2435,54.231287,55.554942,Usage,us-east-1,,,prod
b00acfd1-01fd-ccaa-8ae0-6637b30fe04b,2026-03-10T00:00:00Z/2026-03-11T00:00:00Z,2026-03-10T00:00:00Z,2026-03-11T00:00:00Z,AmazonEC2,Other,RunInstances,14.3441,52.332793,54.314016,Usage,us-east-1,,,prod
37f8ea57-794f-be0f-a947-ed6557c98acf,2026-03-11T00:00:00Z/2026-03-12T00:00:00Z,2026-03-11T00:00:00Z,2026-03-12T00:00:00Z,AmazonEC2,BoxUsage:m5.xlarge,RunInstances,3.1379,1.863461,1.784666,Usage,us-east-1,,,prod
9c3b6c9c-dff2-6002-628e-f550216c1f90,2026-03-11T00:00:00Z/2026-03-12T00:00:00Z,2026-03-11T00:00:00Z,2026-03-12T00:00:00Z,AmazonEC2,BoxUsage:m5.xlarge,RunInstances,14.6301,1.793126,1.807637,Usage,us-east-1,,,prod
7cff06bc-26ee-8549-d798-9d570cca8d2c,2026-03-11T00:00:00Z/2026-03-12T00:00:00Z,2026-03-11T00:00:00Z,2026-03-12T00:00:00Z,AmazonEC2,BoxUsage:m5.xlarge,RunInstances,5.806,1.885929,1.864134,Usage,us-east-1,,,prod
98da9010-2dc5-bfd7-896c-3bcca6494d00,2026-03-11T00:00:00Z/2026-03-12T00:00:00Z,2026-03-11T00:00:00Z,2026-03-12T00:00:00Z,AmazonEC2,BoxUsage:m5.xlarge,RunInstances,23.425,1.775564,1.705954,Usage,us-east-1,,,prod
dcbd922d-e7d9-40a1-6d73-a292dbba2c1f,2026-03-11T00:00:00Z/2026-03-12T00:00:00Z,2026-03-11T00:00:00Z,2026-03-12T00:00:00Z,AmazonEC2,BoxUsage:m5.xlarge,RunInstances,2.5095,2.10774,2.042655,Usage,us-east-1,,,prod
e19b4df6-e599-b7ca-a6ca-cf2c0add39ad,2026-03-11T00:00:00Z/2026-03-12T00:00:00Z,2026-03-11T00:00:00Z,2026-03-12T00:00:00Z,AmazonEC2,NatGateway-Hours,RunInstances,1.4517,1.982453,1.981186,Usage,us-east-1,,,prod
b435234e-9bf8-71b8-7a01-fce5f515f542,2026-03-11T00:00:00Z/2026-03-12T00:00:00Z,2026-03-11T00:00:00Z,2026-03-12T00:00:00Z,AmazonEC2,BoxUsage:m5.xlarge,RunInstances,9.4762,52.958746,53.251165,Usage,us-east-1,,,prod
ac65f84c-080d-98c1-9681-18138442450a,2026-03-11T00:00:00Z/2026-03-12T00:00:00Z,2026-03-11T00:00:00Z,2026-03-12T00:00:00Z,AmazonEC2,BoxUsage:m5.xlarge,RunInstances,13.7832,57.123435,57.646257,Usage,us-east-1,,,prod
bcd9f99d-bbd2-314a-540e-079c97269177,2026-03-11T00:00:00Z/2026-03-12T00:00:00Z,2026-03-11T00:00:00Z,2026-03-12T00:00:00Z,AmazonEC2,Other,RunInstances,12.4862,56.948108,58.119804,Usage,us-east-1,,,prod
63aadbb2-8ef1-2126-dcc0-6103e91ac2c4,2026-03-12T00:00:00Z/2026-03-13T00:00:00Z,2026-03-12T00:00:00Z,2026-03-13T00:00:00Z,AmazonEC2,BoxUsage:m5.xlarge,RunInstances,18.844,1.726669,1.738335,Usage,us-east-1,,,prod
40344aac-0af4-46d5-7622-113c427c305c,2026-03-12T00:00:00Z/2026-03-13T00:00:00Z,2026-03-12T00:00:00Z,2026-03-13T00:00:00Z,AmazonEC2,BoxUsage:m5.xlarge,RunInstances,10.6626,2.113697,2.108733,Usage,us-east-1,,,prod
5c758f44-7b38-039d-8cf9-47174e50bc29,2026-03-12T00:00:00Z/2026-03-13T00:00:00Z,2026-03-12T00:00:00Z,2026-03-13T00:00:00Z,AmazonEC2,BoxUsage:m5.xlarge,RunInstances,15.4328,2.145028,2.07882,Usage,us-east-1,,,prod
b9efb796-77a6-0020-9e44-264e659ace4b,2026-03-12T00:00:00Z/2026-03-13T00:00:00Z,2026-03-12T00:00:00Z,2026-03-13T00:00:00Z,AmazonEC2,BoxUsage:m5.xlarge,RunInstances,9.1278,1.829208,1.820779,Usage,us-east-1,,,prod
06741349-5c29-12d9-43d5-4a526933fe7f,2026-03-12T00:00:00Z/2026-03-13T00:00:00Z,2026-03-12T00:00:00Z,2026-03-13T00:00:00Z,AmazonEC2,BoxUsage:m5.xlarge,RunInstances,9.3873,1.871846,1.853423,Usage,us-east-1,,,prod
890f3829-b34e-77eb-7a44-7d3bb3ae885c,2026-03-12T00:00:00Z/2026-03-13T00:00:00Z,2026-03-12T00:00:00Z,2026-03-13T00:00:00Z,AmazonEC2,NatGateway-Hours,RunInstances,16.9463,2.232647,2.224529,Usage,us-east-1,,,prod
52a13f05-ad3b-cf36-d5b1-cbcfff084bfe,2026-03-12T00:00:00Z/2026-03-13T00:00:00Z,2026-03-12T00:00:00Z,2026-03-13T00:00:00Z,AmazonEC2,BoxUsage:m5.xlarge,RunInstances,18.1258,52.449317,50.41893,Usage,us-east-1,,,prod
abf1a2ca-d3c5-5648-af92-6801ed4fe9e4,2026-03-12T00:00:00Z/2026-03-13T00:00:00Z,2026-03-12T00:00:00Z,2026-03-13T00:00:00Z,AmazonEC2,BoxUsage:m5.xlarge,RunInstances,15.4973,58.541863,59.431528,Usage,us-east-1,,,prod
3444b908-f9af-b22f-f021-df7692a47c4a,2026-03-12T00:00:00Z/2026-03-13T00:00:00Z,2026-03-12T00:00:00Z,2026-03-13T00:00:00Z,AmazonEC2,Other,RunInstances,23.8155,54.286731,53.75164,Usage,us-east-1,,,prod
a8968149-7161-ce36-dfcd-167c06c42cd7,2026-03-13T00:00:00Z/2026-03-14T00:00:00Z,2026-03-13T00:00:00Z,2026-03-14T00:00:00Z,AmazonEC2,BoxUsage:m5.xlarge,RunInstances,1.5275,1.980377,1.983835,Usage,us-east-1,,,prod
5d4dee5f-77e0-a252-b8b8-5322e2495b3d,2026-03-13T00:00:00Z/2026-03-14T00:00:00Z,2026-03-13T00:00:00Z,2026-03-14T00:00:00Z,AmazonEC2,BoxUsage:m5.xlarge,RunInstances,16.339,2.229328,2.27467,Usage,us-east-1,,,prod
25c466b1-37b6-2544-519e-ea5d2128f52a,2026-03-13T00:00:00Z/2026-03-14T00:00:00Z,2026-03-13T00:00:00Z,2026-03-14T00:00:00Z,AmazonEC2,BoxUsage:m5.xlarge,RunInstances,8.9327,2.06762,2.119831,Usage,us-east-1,,,prod
6cd087d5-6e35-5fa9-90d9-085e8ce55067,2026-03-13T00:00:00Z/2026-03-14T00:00:00Z,2026-03-13T00:00:00Z,2026-03-14T00:00:00Z,AmazonEC2,BoxUsage:m5.xlarge,RunInstances,11.9488,1.812093,1.783769,Usage,us-east-1,,,prod
5573a46a-fb8b-7b38-15f5-ae6d69bd37f1,2026-03-13T00:00:00Z/2026-03-14T00:00:00Z,2026-03-13T00:00:00Z,2026-03-14T00:00:00Z,AmazonEC2,BoxUsage:m5.xlarge,RunInstances,12.5613,2.012455,2.043958,Usage,us-east-1,,,prod
3a007902-fdda-1796-f705-a404363f2cd7,2026-03-13T00:00:00Z/2026-03-14T00:00:00Z,2026-03-13T00:00:00Z,2026-03-14T00:00:00Z,AmazonEC2,NatGateway-Hours,RunInstances,10.6113,2.246027,2.262336,Usage,us-east-1,,,prod
b9773809-f560-be46-4a4c-1ac6f5d43dc6,2026-03-13T00:00:00Z/2026-03-14T00:00:00Z,2026-03-13T00:00:00Z,2026-03-14T00:00:00Z,AmazonEC2,BoxUsage:m5.xlarge,RunInstances,20.0041,52.8119,50.632236,Usage,us-east-1,,,prod
4e688ca2-4bb0-8386-d415-fe0acf1ffb12,2026-03-13T00:00:00Z/2026-03-14T00:00:00Z,2026-03-13T00:00:00Z,2026-03-14T00:00:00Z,AmazonEC2,BoxUsage:m5.xlarge,RunInstances,22.265,60.461916,58.464936,Usage,us-east-1,,,prod
2b0fb9b1-3ff2-c48b-69f0-bea4b70152ae,2026-03-13T00:00:00Z/2026-03-14T00:00:00Z,2026-03-13T00:00:00Z,2026-03-14T00:00:00Z,AmazonEC2,Other,RunInstances,15.2521,53.375221,54.355088,Usage,us-east-1,,,prod
de37e68f-820b-053d-8da6-fb7a286bede5,2026-03-14T00:00:00Z/2026-03-15T00:00:00Z,2026-03-14T00:00:00Z,2026-03-15T00:00:00Z,AmazonEC2,BoxUsage:m5.xlarge,RunInstances,8.4906,1.895292,1.836308,Usage,us-east-1,,,prod
c3aa08ef-12a5-45bb-63bc-d22d8729e525,2026-03-14T00:00:00Z/2026-03-15T00:00:00Z,2026-03-14T00:00:00Z,2026-03-15T00:00:00Z,AmazonEC2,BoxUsage:m5.xlarge,RunInstances,4.1146,2.292934,2.315886,Usage,us-east-1,,,prod
0b1201ae-41e2-3a84-7483-936bce23edc5,2026-03-14T00:00:00Z/2026-03-15T00:00:00Z,2026-03-14T00:00:00Z,2026-03-15T00:00:00Z,AmazonEC2,BoxUsage:m5.xlarge,RunInstances,4.9807,1.904277,1.895711,Usage,us-east-1,,,prod
bf3b4420-24aa-4d8d-dbd6-83cff27ab88e,2026-03-14T00:00:00Z/2026-03-15T00:00:00Z,2026-03-14T00:00:00Z,2026-03-15T00:00:00Z,AmazonEC2,BoxUsage:m5.xlarge,RunInstances,18.4004,1.880441,1.920373,Usage,us-east-1,,,prod
9ff77e36-f74d-6e45-f1c6-a77cab2ccfe3,2026-03-14T00:00:00Z/2026-03-15T00:00:00Z,2026-03-14T00:00:00Z,2026-03-15T00:00:00Z,AmazonEC2,BoxUsage:m5.xlarge,RunInstances,5.8993,1.84759,1.863802,Usage,us-east-1,,,prod
f82f557c-4542-adf8-3ed5-666aa4235a27,2026-03-14T00:00:00Z/2026-03-15T00:00:00Z,2026-03-14T00:00:00Z,2026-03-15T00:00:00Z,AmazonEC2,NatGateway-Hours,RunInstances,4.9033,2.258054,2.36034,Usage,us-east-1,,,prod
2972aeee-0c2f-c369-cef5-75e6b5d2d44c,2026-03-14T00:00:00Z/2026-03-15T00:00:00Z,2026-03-14T00:00:00Z,2026-03-15T00:00:00Z,AmazonEC2,BoxUsage:m5.xlarge,RunInstances,2.617,51.134131,52.062555,Usage,us-east-1,,,prod
1a7d415e-d40e-9094-3c91-4c714156c5bf,2026-03-14T00:00:00Z/2026-03-15T00:00:00Z,2026-03-14T00:00:00Z,2026-03-15T00:00:00Z,AmazonEC2,BoxUsage:m5.xlarge,RunInstances,3.9738,46.500964,45.873667,Usage,us-east-1,,,prod
66522e3a-137c-e7c9-359f-0d3d33e70045,2026-03-14T00:00:00Z/2026-03-15T00:00:00Z,2026-03-14T00:00:00Z,2026-03-15T00:00:00Z,AmazonEC2,Other,RunInstances,10.4479,49.389587,51.813675,Usage,us-east-1,,,prod
88c57c2b-539b-3f6e-6165-07b7cc3ebcb2,2026-03-15T00:00:00Z/2026-03-16T00:00:00Z,2026-03-15T00:00:00Z,2026-03-16T00:00:00Z,AmazonEC2,BoxUsage:m5.xlarge,RunInstances,21.5384,2.130352,2.177883,Usage,us-east-1,,,prod
57ae3dfb-5de2-2128-5cf7-b01eed72ec4c,2026-03-15T00:00:00Z/2026-03-16T00:00:00Z,2026-03-15T00:00:00Z,2026-03-16T00:00:00Z,AmazonEC2,BoxUsage:m5.xlarge,RunInstances,20.2831,1.796469,1.710747,Usage,us-east-1,,,prod
a39c6e67-a3ad-02ad-e318-bb219d7b393f,2026-03-15T00:00:00Z/2026-03-16T00:00:00Z,2026-03-15T00:00:00Z,2026-03-16T00:00:00Z,AmazonEC2,BoxUsage:m5.xlarge,RunInstances,4.0839,2.23996,2.322673,Usage,us-east-1,,,prod
834c04d6-cea8-77c0-7ed4-953c323d1504,2026-03-15T00:00:00Z/2026-03-16T00:00:00Z,2026-03-15T00:00:00Z,2026-03-16T00:00:00Z,AmazonEC2,BoxUsage:m5.xlarge,RunInstances,17.077,1.732266,1.699906,Usage,us-east-1,,,prod
4af3a339-7c2f-1e62-cbe1-ff08a187cd84,2026-03-15T00:00:00Z/2026-03-16T00:00:00Z,2026-03-15T00:00:00Z,2026-03-16T00:00:00Z,AmazonEC2,BoxUsage:m5.xlarge,RunInstances,3.2967,1.704209,1.730028,Usage,us-east-1,,,prod
e1a7bcc9-837b-2c9d-948a-78b10bf5d479,2026-03-15T00:00:00Z/2026-03-16T00:00:00Z,2026-03-15T00:00:00Z,2026-03-16T00:00:00Z,AmazonEC2,NatGateway-Hours,RunInstances,13.2638,2.128817,2.159731,Usage,us-east-1,,,prod
e9653bc9-433f-14b6-1042-79534743d2f6,2026-03-15T00:00:00Z/2026-03-16T00:00:00Z,2026-03-15T00:00:00Z,2026-03-16T00:00:00Z,AmazonEC2,BoxUsage:m5.xlarge,RunInstances,17.9246,47.067469,47.816541,Usage,us-east-1,,,prod
a5d4269b-6add-3440-0933-cb98accc059e,2026-03-15T00:00:00Z/2026-03-16T00:00:00Z,2026-03-15T00:00:00Z,2026-03-16T00:00:00Z,AmazonEC2,BoxUsage:m5.xlarge,RunInstances,1.4164,47.184393,49.259733,Usage,us-east-1,,,prod
e2fe2836-b33b-36f6-6201-8f8d7b440433,2026-03-15T00:00:00Z/2026-03-16T00:00:00Z,2026-03-15T00:00:00Z,2026-03-16T00:00:00Z,AmazonEC2,Other,RunInstances,21.5175,52.604741,53.155027,Usage,us-east-1,,,prod
8ec6099e-40c2-ff92-0882-87fe50e8911e,2026-03-16T00:00:00Z/2026-03-17T00:00:00Z,2026-03-16T00:00:00Z,2026-03-17T00:00:00Z,AmazonEC2,BoxUsage:m5.xlarge,RunInstances,21.1907,1.967339,1.977537,Usage,us-east-1,,,prod
f6e611ce-e96b-0827-7ba9-d9eb8bba9859,2026-03-16T00:00:00Z/2026-03-17T00:00:00Z,2026-03-16T00:00:00Z,2026-03-17T00:00:00Z,AmazonEC2,BoxUsage:m5.xlarge,RunInstances,15.3451,1.811726,1.797259,Usage,us-east-1,,,prod
d1153818-6dd6-6a68-5187-06e0007b4fc4,2026-03-16T00:00:00Z/2026-03-17T00:00:00Z,2026-03-16T00:00:00Z,2026-03-17T00:00:00Z,AmazonEC2,BoxUsage:m5.xlarge,RunInstances,16.5461,2.081127,1.998021,Usage,us-east-1,,,prod
b183f557-1aad-151b-4d27-881a0829a0a8,2026-03-16T00:00:00Z/2026-03-17T00:00:00Z,2026-03-16T00:00:00Z,2026-03-17T00:00:00Z,AmazonEC2,BoxUsage:m5.xlarge,RunInstances,13.747,1.903232,1.86728,Usage,us-east-1,,,prod
178ec224-11c9-ef5c-ed4f-a1e7c770e76d,2026-03-16T00:00:00Z/2026-03-17T00:00:00Z,2026-03-16T00:00:00Z,2026-03-17T00:00:00Z,AmazonEC2,BoxUsage:m5.xlarge,RunInstances,6.5572,2.282193,2.32347,Usage,us-east-1,,,prod
9c1b5d12-5399-d966-0823-e7198556409a,2026-03-16T00:00:00Z/2026-03-17T00:00:00Z,2026-03-16T00:00:00Z,2026-03-17T00:00:00Z,AmazonEC2,NatGateway-Hours,RunInstances,1.0445,1.931906,1.902733,Usage,us-east-1,,,prod
44a7dee1-6879-9af3-eb89-3a8c977abc55,2026-03-16T00:00:00Z/2026-03-17T00:00:00Z,2026-03-16T00:00:00Z,2026-03-17T00:00:00Z,AmazonEC2,BoxUsage:m5.xlarge,RunInstances,5.9665,45.867504,48.142639,Usage,us-east-1,,,prod
cf3266c6-5299-7b50-ed74-3b8e35134adb,2026-03-16T00:00:00Z/2026-03-17T00:00:00Z,2026-03-16T00:00:00Z,2026-03-17T00:00:00Z,AmazonEC2,BoxUsage:m5.xlarge,RunInstances,17.0755,49.482022,50.271498,Usage,us-east-1,,,prod
4d2811b2-679e-8f97-4b22-4e5753976301,2026-03-16T00:00:00Z/2026-03-17T00:00:00Z,2026-03-16T00:00:00Z,2026-03-17T00:00:00Z,AmazonEC2,Other,RunInstances,7.745,53.001462,51.986544,Usage,us-east-1,,,prod
47af8b33-b274-296f-7029-c03843c36002,2026-03-17T00:00:00Z/2026-03-18T00:00:00Z,2026-03-17T00:00:00Z,2026-03-18T00:00:00Z,AmazonEC2,BoxUsage:m5.xlarge,RunInstances,14.5898,2.260391,2.253409,Usage,us-east-1,,,prod
25322f9b-f741-69e0-1943-f2b130118d2a,2026-03-17T00:00:00Z/2026-03-18T00:00:00Z,2026-03-17T00:00:00Z,2026-03-18T00:00:00Z,AmazonEC2,BoxUsage:m5.xlarge,RunInstances,11.5269,2.204924,2.262456,Usage,us-east-1,,,prod
a1b24106-f778-0030-b757-bfce0d511585,2026-03-17T00:00:00Z/2026-03-18T00:00:00Z,2026-03-17T00:00:00Z,2026-03-18T00:00:00Z,AmazonEC2,BoxUsage:m5.xlarge,RunInstances,22.754,2.061615,2.0529,Usage,us-east-1,,,prod
9668bbe7-5715-ffa5-26b6-44483ada5126,2026-03-17T00:00:00Z/2026-03-18T00:00:00Z,2026-03-17T00:00:00Z,2026-03-18T00:00:00Z,AmazonEC2,BoxUsage:m5.xlarge,RunInstances,14.2933,1.88873,1.888061,Usage,us-east-1,,,prod
d63edefa-e5cf-7e75-858e-7ace1bc59bd1,2026-03-17T00:00:00Z/2026-03-18T00:00:00Z,2026-03-17T00:00:00Z,2026-03-18T00:00:00Z,AmazonEC2,BoxUsage:m5.xlarge,RunInstances,5.9245,2.199438,2.185495,Usage,us-east-1,,,prod
45c8b7f0-5fb9-3a46-52e9-6bccb827bcb6,2026-03-17T00:00:00Z/2026-03-18T00:00:00Z,2026-03-17T00:00:00Z,2026-03-18T00:00:00Z,AmazonEC2,NatGateway-Hours,RunInstances,4.513,1.915374,1.836759,Usage,us-east-1,,,prod
da390c8c-d42e-1050-7052-24799cd084aa,2026-03-17T00:00:00Z/2026-03-18T00:00:00Z,2026-03-17T00:00:00Z,2026-03-18T00:00:00Z,AmazonEC2,BoxUsage:m5.xlarge,RunInstances,9.2793,57.371265,58.798117,Usage,us-east-1,,,prod
fb1fc54e-2a30-62a4-e9ce-745c01416279,2026-03-17T00:00:00Z/2026-03-18T00:00:00Z,2026-03-17T00:00:00Z,2026-03-18T00:00:00Z,AmazonEC2,BoxUsage:m5.xlarge,RunInstances,11.3083,60.045699,62.67958,Usage,us-east-1,,,prod
b36285d6-8a03-3292-5b49-3c9c140f2e45,2026-03-17T00:00:00Z/2026-03-18T00:00:00Z,2026-03-17T00:00:00Z,2026-03-18T00:00:00Z,AmazonEC2,Other,RunInstances,8.3589,46.159058,45.051867,Usage,us-east-1,,,prod
3b340239-405d-6d17-6a1d-76cd8b46dd83,2026-03-18T00:00:00Z/2026-03-19T00:00:00Z,2026-03-18T00:00:00Z,2026-03-19T00:00:00Z,AmazonEC2,BoxUsage:m5.xlarge,RunInstances,18.8893,1.906964,1.826233,Usage,us-east-1,,,prod
b3a02198-a059-ea11-27c6-a2fca7a96aa2,2026-03-18T00:00:00Z/2026-03-19T00:00:00Z,2026-03-18T00:00:00Z,2026-03-19T00:00:00Z,AmazonEC2,BoxUsage:m5.xlarge,RunInstances,17.4487,2.091099,2.151693,Usage,us-east-1,,,prod
ea979756-4ac9-119f-d1fe-0c4478cb9e57,2026-03-18T00:00:00Z/2026-03-19T00:00:00Z,2026-03-18T00:00:00Z,2026-03-19T00:00:00Z,AmazonEC2,BoxUsage:m5.xlarge,RunInstances,21.0307,1.83597,1.915886,Usage,us-east-1,,,prod
98b818cf-e8dc-4d11-22f8-db1158936505,2026-03-18T00:00:00Z/2026-03-19T00:00:00Z,2026-03-18T00:00:00Z,2026-03-19T00:00:00Z,AmazonEC2,BoxUsage:m5.xlarge,RunInstances,23.6527,1.964202,1.901992,Usage,us-east-1,,,prod
416a7147-bb29-ef38-dae9-4b1197de2f9b,2026-03-18T00:00:00Z/2026-03-19T00:00:00Z,2026-03-18T00:00:00Z,2026-03-19T00:00:00Z,AmazonEC2,BoxUsage:m5.xlarge,RunInstances,23.9916,1.721021,1.699233,Usage,us-east-1,,,prod
9efb2978-ec95-df18-bcf9-db5679281acd,2026-03-18T00:00:00Z/2026-03-19T00:00:00Z,2026-03-18T00:00:00Z,2026-03-19T00:00:00Z,AmazonEC2,NatGateway-Hours,RunInstances,15.4725,1.74565,1.823273,Usage,us-east-1,,,prod
e4384ee1-dc39-e9fa-9a56-cf6db87f0baf,2026-03-18T00:00:00Z/2026-03-19T00:00:00Z,2026-03-18T00:00:00Z,2026-03-19T00:00:00Z,AmazonEC2,BoxUsage:m5.xlarge,RunInstances,10.5297,58.742728,60.833908,Usage,us-east-1,,,prod
6aa1da4b-55a8-446e-b06d-b85164c59944,2026-03-18T00:00:00Z/2026-03-19T00:00:00Z,2026-03-18T00:00:00Z,2026-03-19T00:00:00Z,AmazonEC2,BoxUsage:m5.xlarge,RunInstances,14.8164,51.330715,53.779366,Usage,us-east-1,,,prod
94d89e54-2ad5-a5b6-3e2f-9730ea2cac11,2026-03-18T00:00:00Z/2026-03-19T00:00:00Z,2026-03-18T00:00:00Z,2026-03-19T00:00:00Z,AmazonEC2,Other,RunInstances,23.5763,49.912604,49.689811,Usage,us-east-1,,,prod
